id;name;contact_name;contact_email;contact_phone;business_address;created_by;created_date;last_modified_by;last_modified_date
5000;Symmonds;Lillian Martin;lu@dil.do;(435) 380-7434;5000;system;2017-04-07 08:21:28;system;2017-04-07 08:21:28
5001;Meriton;Carlos Wise;vosmo@suna.mt;(914) 252-4005;5001;system;2017-04-07 08:21:28;system;2017-04-07 08:21:28
5002;Metricon;Chad Gomez;nu@wememuso.nu;(213) 793-7315;5002;system;2017-04-07 08:21:28;system;2017-04-07 08:21:28
5003;Symmonds;Melvin Byrd;ducep@wesosiim.mz;(806) 562-1410;5003;system;2017-04-07 08:21:28;system;2017-04-07 08:21:28
5004;Symmonds;Edna Rios;kot@si.sy;(672) 576-2815;5004;system;2017-04-07 08:21:28;system;2017-04-07 08:21:28
5005;Porter Davis;Mattie Gonzales;nefir@homgugih.tl;(378) 943-9612;5005;system;2017-04-07 08:21:28;system;2017-04-07 08:21:28
5006;Porter Davis;Pearl Glover;radejdiv@hatihkam.pf;(844) 928-6920;5006;system;2017-04-07 08:21:28;system;2017-04-07 08:21:28
5007;Meriton;Kathryn Fox;roubaus@akudej.gd;(458) 210-4099;5007;system;2017-04-07 08:21:28;system;2017-04-07 08:21:28
5008;Porter Davis;Shawn George;bag@uveoposu.io;(224) 710-2670;5008;system;2017-04-07 08:21:28;system;2017-04-07 08:21:28
5009;Metricon;Iva Fowler;egifo@kus.lb;(784) 798-7146;5009;system;2017-04-07 08:21:28;system;2017-04-07 08:21:28
5010;Symmonds;Josephine Jenkins;iwitel@ubam.ke;(736) 750-6089;5010;system;2017-04-07 08:21:28;system;2017-04-07 08:21:28
5011;Meriton;Cora Conner;polofer@rop.td;(213) 878-8459;5011;system;2017-04-07 08:21:28;system;2017-04-07 08:21:28
5012;Meriton;Addie Bush;mav@izwa.an;(620) 774-2694;5012;system;2017-04-07 08:21:28;system;2017-04-07 08:21:28
5013;Symmonds;Genevieve Montgomery;wofmunano@kagkuw.bi;(410) 982-5558;5013;system;2017-04-07 08:21:28;system;2017-04-07 08:21:28
5014;Symmonds;Jane Franklin;mamo@befber.net;(882) 278-2307;5014;system;2017-04-07 08:21:28;system;2017-04-07 08:21:28
5015;Porter Davis;Douglas Hudson;maflupih@ibiri.no;(714) 449-9661;5015;system;2017-04-07 08:21:28;system;2017-04-07 08:21:28
5016;Metricon;Lina Wilson;fu@uni.mv;(407) 397-6999;5016;system;2017-04-07 08:21:28;system;2017-04-07 08:21:28
5017;Porter Davis;Larry Greene;inlu@liba.wf;(635) 348-6521;5017;system;2017-04-07 08:21:28;system;2017-04-07 08:21:28
5018;Porter Davis;Martin Wade;cowwu@fekdab.tp;(916) 329-8176;5018;system;2017-04-07 08:21:28;system;2017-04-07 08:21:28
5019;Meriton;Lily Barker;voig@sudunja.va;(686) 848-2026;5019;system;2017-04-07 08:21:28;system;2017-04-07 08:21:28
5020;Meriton;Benjamin McCoy;lico@behovel.eu;(742) 339-3395;5020;system;2017-04-07 08:21:28;system;2017-04-07 08:21:28
5021;Porter Davis;Devin Tucker;su@rur.bf;(707) 912-5441;5021;system;2017-04-07 08:21:28;system;2017-04-07 08:21:28
5022;Symmonds;Jayden Stewart;sor@apvode.km;(453) 841-5952;5022;system;2017-04-07 08:21:28;system;2017-04-07 08:21:28
5023;Symmonds;Essie Webb;fepik@do.lc;(257) 489-7582;5023;system;2017-04-07 08:21:28;system;2017-04-07 08:21:28
5024;Symmonds;Erik Shelton;gijarbu@ipeka.re;(885) 956-2315;5024;system;2017-04-07 08:21:28;system;2017-04-07 08:21:28
5025;Meriton;Jorge Mitchell;fan@pi.kr;(247) 913-4033;5025;system;2017-04-07 08:21:28;system;2017-04-07 08:21:28
5026;Metricon;Augusta Love;oleag@maz.sl;(829) 714-7413;5026;system;2017-04-07 08:21:28;system;2017-04-07 08:21:28
5027;Porter Davis;Gordon Ward;fo@de.bq;(625) 920-1753;5027;system;2017-04-07 08:21:28;system;2017-04-07 08:21:28
5028;Porter Davis;Benjamin Nunez;vuce@noknu.gt;(520) 706-8977;5028;system;2017-04-07 08:21:28;system;2017-04-07 08:21:28
5029;Metricon;Fannie Thompson;lubza@vorrocab.bj;(801) 476-9141;5029;system;2017-04-07 08:21:28;system;2017-04-07 08:21:28
5030;Porter Davis;Warren Cummings;fi@pov.aw;(433) 845-2133;5030;system;2017-04-07 08:21:28;system;2017-04-07 08:21:28
5031;Symmonds;Hester Fleming;dan@kamwovel.ke;(719) 515-9884;5031;system;2017-04-07 08:21:28;system;2017-04-07 08:21:28
5032;Meriton;Eleanor Stewart;idulidub@eci.py;(882) 988-8832;5032;system;2017-04-07 08:21:28;system;2017-04-07 08:21:28
5033;Meriton;Justin George;ulci@viru.li;(355) 734-8463;5033;system;2017-04-07 08:21:28;system;2017-04-07 08:21:28
5034;Metricon;Mamie Townsend;alokelo@akgaj.pr;(954) 227-5263;5034;system;2017-04-07 08:21:28;system;2017-04-07 08:21:28
5035;Metricon;Ellen Fernandez;nodup@titahlih.gg;(951) 972-7834;5035;system;2017-04-07 08:21:28;system;2017-04-07 08:21:28
5036;Porter Davis;Mason Rowe;odiel@belor.to;(858) 322-2305;5036;system;2017-04-07 08:21:28;system;2017-04-07 08:21:28
5037;Meriton;Ruth McBride;omuse@covwighev.gi;(225) 481-2456;5037;system;2017-04-07 08:21:28;system;2017-04-07 08:21:28
5038;Porter Davis;Eugenia Wilkins;co@ako.dz;(764) 745-4474;5038;system;2017-04-07 08:21:28;system;2017-04-07 08:21:28
5039;Symmonds;Roxie Long;ohah@sazju.na;(373) 200-3595;5039;system;2017-04-07 08:21:28;system;2017-04-07 08:21:28
5040;Porter Davis;Teresa Jacobs;ta@gosgonma.io;(365) 750-4015;5040;system;2017-04-07 08:21:28;system;2017-04-07 08:21:28
5041;Meriton;Susie Miller;orojawif@asa.pa;(330) 257-6129;5041;system;2017-04-07 08:21:28;system;2017-04-07 08:21:28
5042;Symmonds;Vincent McKinney;soh@jev.tz;(648) 525-6841;5042;system;2017-04-07 08:21:28;system;2017-04-07 08:21:28
5043;Metricon;Maud Harvey;tuilhu@kibhofut.ee;(848) 357-3476;5043;system;2017-04-07 08:21:28;system;2017-04-07 08:21:28
5044;Porter Davis;Gavin Coleman;pu@fut.gov;(681) 619-9239;5044;system;2017-04-07 08:21:28;system;2017-04-07 08:21:28
5045;Symmonds;Virginia Potter;leheveh@me.ba;(440) 807-1896;5045;system;2017-04-07 08:21:28;system;2017-04-07 08:21:28
5046;Symmonds;Antonio Schwartz;ave@nibsibas.gr;(751) 535-8397;5046;system;2017-04-07 08:21:28;system;2017-04-07 08:21:28
5047;Meriton;Garrett Patterson;cazop@riwum.gb;(434) 608-2582;5047;system;2017-04-07 08:21:28;system;2017-04-07 08:21:28
5048;Porter Davis;Sally Peters;hoac@je.tp;(809) 342-8807;5048;system;2017-04-07 08:21:28;system;2017-04-07 08:21:28
5049;Porter Davis;Adelaide Reid;demenlum@fid.org;(811) 759-2944;5049;system;2017-04-07 08:21:28;system;2017-04-07 08:21:28