id;login;password_hash;first_name;last_name;email;activated;lang_key;activation_key;reset_key;created_by;created_date;reset_date;last_modified_by;last_modified_date
5000;genuser1;$2a$10$60uJRAJlDIFbY3rRT0Xsu.8KKevk9MfaQZSvhRrjfl9V4dN/klsmW;Harry;Hale;tas@nefbe.gr;0;en;59943733674989942188;59943733674989942188;system;2017-04-07 08:21:28;2017-04-07 08:21:28;system;2017-04-07 08:21:28
5001;genuser2;$2a$10$60uJRAJlDIFbY3rRT0Xsu.8KKevk9MfaQZSvhRrjfl9V4dN/klsmW;Adrian;Caldwell;kut@hippir.kn;1;fr;59943733674989942188;59943733674989942188;system;2017-04-07 08:21:28;2017-04-07 08:21:28;system;2017-04-07 08:21:28
5002;genuser3;$2a$10$60uJRAJlDIFbY3rRT0Xsu.8KKevk9MfaQZSvhRrjfl9V4dN/klsmW;Evan;Bell;ju@bonu.au;1;fr;59943733674989942188;59943733674989942188;system;2017-04-07 08:21:28;2017-04-07 08:21:28;system;2017-04-07 08:21:28
5003;genuser4;$2a$10$60uJRAJlDIFbY3rRT0Xsu.8KKevk9MfaQZSvhRrjfl9V4dN/klsmW;Marvin;Cain;nu@gemutto.dj;0;fr;59943733674989942188;59943733674989942188;system;2017-04-07 08:21:28;2017-04-07 08:21:28;system;2017-04-07 08:21:28
5004;genuser5;$2a$10$60uJRAJlDIFbY3rRT0Xsu.8KKevk9MfaQZSvhRrjfl9V4dN/klsmW;William;Mullins;kap@emu.cu;1;en;59943733674989942188;59943733674989942188;system;2017-04-07 08:21:28;2017-04-07 08:21:28;system;2017-04-07 08:21:28
5005;genuser6;$2a$10$60uJRAJlDIFbY3rRT0Xsu.8KKevk9MfaQZSvhRrjfl9V4dN/klsmW;Sarah;Hamilton;mogibe@top.sa;0;fr;59943733674989942188;59943733674989942188;system;2017-04-07 08:21:28;2017-04-07 08:21:28;system;2017-04-07 08:21:28
5006;genuser7;$2a$10$60uJRAJlDIFbY3rRT0Xsu.8KKevk9MfaQZSvhRrjfl9V4dN/klsmW;Cameron;Cole;hokse@vefnomet.my;0;fr;59943733674989942188;59943733674989942188;system;2017-04-07 08:21:28;2017-04-07 08:21:28;system;2017-04-07 08:21:28
5007;genuser8;$2a$10$60uJRAJlDIFbY3rRT0Xsu.8KKevk9MfaQZSvhRrjfl9V4dN/klsmW;Chase;Ruiz;uku@zigcap.pa;0;fr;59943733674989942188;59943733674989942188;system;2017-04-07 08:21:28;2017-04-07 08:21:28;system;2017-04-07 08:21:28
5008;genuser9;$2a$10$60uJRAJlDIFbY3rRT0Xsu.8KKevk9MfaQZSvhRrjfl9V4dN/klsmW;Minerva;Peters;lizmi@likbop.pg;0;fr;59943733674989942188;59943733674989942188;system;2017-04-07 08:21:28;2017-04-07 08:21:28;system;2017-04-07 08:21:28
5009;genuser10;$2a$10$60uJRAJlDIFbY3rRT0Xsu.8KKevk9MfaQZSvhRrjfl9V4dN/klsmW;Duane;Gonzales;wos@ri.tz;1;fr;59943733674989942188;59943733674989942188;system;2017-04-07 08:21:28;2017-04-07 08:21:28;system;2017-04-07 08:21:28
5010;genuser11;$2a$10$60uJRAJlDIFbY3rRT0Xsu.8KKevk9MfaQZSvhRrjfl9V4dN/klsmW;Lawrence;Guzman;nipkib@dablaere.is;0;fr;59943733674989942188;59943733674989942188;system;2017-04-07 08:21:28;2017-04-07 08:21:28;system;2017-04-07 08:21:28
5011;genuser12;$2a$10$60uJRAJlDIFbY3rRT0Xsu.8KKevk9MfaQZSvhRrjfl9V4dN/klsmW;Callie;Phelps;nehetmov@rawpeso.ni;1;en;59943733674989942188;59943733674989942188;system;2017-04-07 08:21:28;2017-04-07 08:21:28;system;2017-04-07 08:21:28
5012;genuser13;$2a$10$60uJRAJlDIFbY3rRT0Xsu.8KKevk9MfaQZSvhRrjfl9V4dN/klsmW;Betty;Fields;po@zopbu.gn;1;fr;59943733674989942188;59943733674989942188;system;2017-04-07 08:21:28;2017-04-07 08:21:28;system;2017-04-07 08:21:28
5013;genuser14;$2a$10$60uJRAJlDIFbY3rRT0Xsu.8KKevk9MfaQZSvhRrjfl9V4dN/klsmW;Herbert;Hart;hijuzhip@dedizona.ci;1;en;59943733674989942188;59943733674989942188;system;2017-04-07 08:21:28;2017-04-07 08:21:28;system;2017-04-07 08:21:28
5014;genuser15;$2a$10$60uJRAJlDIFbY3rRT0Xsu.8KKevk9MfaQZSvhRrjfl9V4dN/klsmW;Maud;Hodges;an@ig.ec;1;en;59943733674989942188;59943733674989942188;system;2017-04-07 08:21:28;2017-04-07 08:21:28;system;2017-04-07 08:21:28
5015;genuser16;$2a$10$60uJRAJlDIFbY3rRT0Xsu.8KKevk9MfaQZSvhRrjfl9V4dN/klsmW;Lina;Bailey;beoropo@fe.bo;1;fr;59943733674989942188;59943733674989942188;system;2017-04-07 08:21:28;2017-04-07 08:21:28;system;2017-04-07 08:21:28
5016;genuser17;$2a$10$60uJRAJlDIFbY3rRT0Xsu.8KKevk9MfaQZSvhRrjfl9V4dN/klsmW;Allen;Peters;etodivul@zoksi.af;0;en;59943733674989942188;59943733674989942188;system;2017-04-07 08:21:28;2017-04-07 08:21:28;system;2017-04-07 08:21:28
5017;genuser18;$2a$10$60uJRAJlDIFbY3rRT0Xsu.8KKevk9MfaQZSvhRrjfl9V4dN/klsmW;Della;Bennett;ta@zec.tn;0;fr;59943733674989942188;59943733674989942188;system;2017-04-07 08:21:28;2017-04-07 08:21:28;system;2017-04-07 08:21:28
5018;genuser19;$2a$10$60uJRAJlDIFbY3rRT0Xsu.8KKevk9MfaQZSvhRrjfl9V4dN/klsmW;Louisa;Allen;atnuh@ewe.kw;0;fr;59943733674989942188;59943733674989942188;system;2017-04-07 08:21:28;2017-04-07 08:21:28;system;2017-04-07 08:21:28
5019;genuser20;$2a$10$60uJRAJlDIFbY3rRT0Xsu.8KKevk9MfaQZSvhRrjfl9V4dN/klsmW;Blake;Powers;besofo@dap.gd;0;en;59943733674989942188;59943733674989942188;system;2017-04-07 08:21:28;2017-04-07 08:21:28;system;2017-04-07 08:21:28
5020;genuser21;$2a$10$60uJRAJlDIFbY3rRT0Xsu.8KKevk9MfaQZSvhRrjfl9V4dN/klsmW;Hannah;Jennings;hiokodu@reujpar.net;0;en;59943733674989942188;59943733674989942188;system;2017-04-07 08:21:28;2017-04-07 08:21:28;system;2017-04-07 08:21:28
5021;genuser22;$2a$10$60uJRAJlDIFbY3rRT0Xsu.8KKevk9MfaQZSvhRrjfl9V4dN/klsmW;Jacob;Wong;af@sale.tw;1;fr;59943733674989942188;59943733674989942188;system;2017-04-07 08:21:28;2017-04-07 08:21:28;system;2017-04-07 08:21:28
5022;genuser23;$2a$10$60uJRAJlDIFbY3rRT0Xsu.8KKevk9MfaQZSvhRrjfl9V4dN/klsmW;Nelle;Richardson;pubgiz@li.cx;1;en;59943733674989942188;59943733674989942188;system;2017-04-07 08:21:28;2017-04-07 08:21:28;system;2017-04-07 08:21:28
5023;genuser24;$2a$10$60uJRAJlDIFbY3rRT0Xsu.8KKevk9MfaQZSvhRrjfl9V4dN/klsmW;Amy;Moreno;wu@cu.ad;1;en;59943733674989942188;59943733674989942188;system;2017-04-07 08:21:28;2017-04-07 08:21:28;system;2017-04-07 08:21:28
5024;genuser25;$2a$10$60uJRAJlDIFbY3rRT0Xsu.8KKevk9MfaQZSvhRrjfl9V4dN/klsmW;Isaiah;Rivera;zut@bo.my;1;fr;59943733674989942188;59943733674989942188;system;2017-04-07 08:21:28;2017-04-07 08:21:28;system;2017-04-07 08:21:28
5025;genuser26;$2a$10$60uJRAJlDIFbY3rRT0Xsu.8KKevk9MfaQZSvhRrjfl9V4dN/klsmW;Pauline;Parsons;ojuba@zos.lv;1;fr;59943733674989942188;59943733674989942188;system;2017-04-07 08:21:28;2017-04-07 08:21:28;system;2017-04-07 08:21:28
5026;genuser27;$2a$10$60uJRAJlDIFbY3rRT0Xsu.8KKevk9MfaQZSvhRrjfl9V4dN/klsmW;Isaac;Reyes;viri@woktislic.pt;0;en;59943733674989942188;59943733674989942188;system;2017-04-07 08:21:28;2017-04-07 08:21:28;system;2017-04-07 08:21:28
5027;genuser28;$2a$10$60uJRAJlDIFbY3rRT0Xsu.8KKevk9MfaQZSvhRrjfl9V4dN/klsmW;Sue;Phelps;zotog@wacmuze.net;0;en;59943733674989942188;59943733674989942188;system;2017-04-07 08:21:28;2017-04-07 08:21:28;system;2017-04-07 08:21:28
5028;genuser29;$2a$10$60uJRAJlDIFbY3rRT0Xsu.8KKevk9MfaQZSvhRrjfl9V4dN/klsmW;Craig;Swanson;ficiut@azaoma.mu;1;fr;59943733674989942188;59943733674989942188;system;2017-04-07 08:21:28;2017-04-07 08:21:28;system;2017-04-07 08:21:28
5029;genuser30;$2a$10$60uJRAJlDIFbY3rRT0Xsu.8KKevk9MfaQZSvhRrjfl9V4dN/klsmW;Frances;Matthews;necon@san.sg;0;fr;59943733674989942188;59943733674989942188;system;2017-04-07 08:21:28;2017-04-07 08:21:28;system;2017-04-07 08:21:28
5030;genuser31;$2a$10$60uJRAJlDIFbY3rRT0Xsu.8KKevk9MfaQZSvhRrjfl9V4dN/klsmW;Rosie;Haynes;ummekpi@oto.bz;0;fr;59943733674989942188;59943733674989942188;system;2017-04-07 08:21:28;2017-04-07 08:21:28;system;2017-04-07 08:21:28
5031;genuser32;$2a$10$60uJRAJlDIFbY3rRT0Xsu.8KKevk9MfaQZSvhRrjfl9V4dN/klsmW;Lois;Hernandez;ja@pik.mt;0;fr;59943733674989942188;59943733674989942188;system;2017-04-07 08:21:28;2017-04-07 08:21:28;system;2017-04-07 08:21:28
5032;genuser33;$2a$10$60uJRAJlDIFbY3rRT0Xsu.8KKevk9MfaQZSvhRrjfl9V4dN/klsmW;Dollie;Leonard;majit@ahor.ac;0;fr;59943733674989942188;59943733674989942188;system;2017-04-07 08:21:28;2017-04-07 08:21:28;system;2017-04-07 08:21:28
5033;genuser34;$2a$10$60uJRAJlDIFbY3rRT0Xsu.8KKevk9MfaQZSvhRrjfl9V4dN/klsmW;Todd;Rivera;mudupeah@sek.uk;0;fr;59943733674989942188;59943733674989942188;system;2017-04-07 08:21:28;2017-04-07 08:21:28;system;2017-04-07 08:21:28
5034;genuser35;$2a$10$60uJRAJlDIFbY3rRT0Xsu.8KKevk9MfaQZSvhRrjfl9V4dN/klsmW;Myrtle;Hoffman;cu@pas.iq;0;fr;59943733674989942188;59943733674989942188;system;2017-04-07 08:21:28;2017-04-07 08:21:28;system;2017-04-07 08:21:28
5035;genuser36;$2a$10$60uJRAJlDIFbY3rRT0Xsu.8KKevk9MfaQZSvhRrjfl9V4dN/klsmW;Juan;Cole;ib@vasodihap.er;1;fr;59943733674989942188;59943733674989942188;system;2017-04-07 08:21:28;2017-04-07 08:21:28;system;2017-04-07 08:21:28
5036;genuser37;$2a$10$60uJRAJlDIFbY3rRT0Xsu.8KKevk9MfaQZSvhRrjfl9V4dN/klsmW;Trevor;Matthews;luwisdi@umig.bb;1;fr;59943733674989942188;59943733674989942188;system;2017-04-07 08:21:28;2017-04-07 08:21:28;system;2017-04-07 08:21:28
5037;genuser38;$2a$10$60uJRAJlDIFbY3rRT0Xsu.8KKevk9MfaQZSvhRrjfl9V4dN/klsmW;Lee;Perkins;fidtuz@hatatwe.gw;0;fr;59943733674989942188;59943733674989942188;system;2017-04-07 08:21:28;2017-04-07 08:21:28;system;2017-04-07 08:21:28
5038;genuser39;$2a$10$60uJRAJlDIFbY3rRT0Xsu.8KKevk9MfaQZSvhRrjfl9V4dN/klsmW;Richard;French;fo@picro.im;1;fr;59943733674989942188;59943733674989942188;system;2017-04-07 08:21:28;2017-04-07 08:21:28;system;2017-04-07 08:21:28
5039;genuser40;$2a$10$60uJRAJlDIFbY3rRT0Xsu.8KKevk9MfaQZSvhRrjfl9V4dN/klsmW;Bradley;Dunn;uzoded@ani.ng;1;en;59943733674989942188;59943733674989942188;system;2017-04-07 08:21:28;2017-04-07 08:21:28;system;2017-04-07 08:21:28
5040;genuser41;$2a$10$60uJRAJlDIFbY3rRT0Xsu.8KKevk9MfaQZSvhRrjfl9V4dN/klsmW;Johanna;Norman;sog@uchezaj.hu;0;en;59943733674989942188;59943733674989942188;system;2017-04-07 08:21:28;2017-04-07 08:21:28;system;2017-04-07 08:21:28
5041;genuser42;$2a$10$60uJRAJlDIFbY3rRT0Xsu.8KKevk9MfaQZSvhRrjfl9V4dN/klsmW;Miguel;Schneider;afotiw@wada.se;1;en;59943733674989942188;59943733674989942188;system;2017-04-07 08:21:28;2017-04-07 08:21:28;system;2017-04-07 08:21:28
5042;genuser43;$2a$10$60uJRAJlDIFbY3rRT0Xsu.8KKevk9MfaQZSvhRrjfl9V4dN/klsmW;Sallie;Alexander;zo@be.cz;0;fr;59943733674989942188;59943733674989942188;system;2017-04-07 08:21:28;2017-04-07 08:21:28;system;2017-04-07 08:21:28
5043;genuser44;$2a$10$60uJRAJlDIFbY3rRT0Xsu.8KKevk9MfaQZSvhRrjfl9V4dN/klsmW;Emily;Brown;epo@lin.bo;0;en;59943733674989942188;59943733674989942188;system;2017-04-07 08:21:28;2017-04-07 08:21:28;system;2017-04-07 08:21:28
5044;genuser45;$2a$10$60uJRAJlDIFbY3rRT0Xsu.8KKevk9MfaQZSvhRrjfl9V4dN/klsmW;Seth;Hamilton;cukzijtu@ruawo.an;0;fr;59943733674989942188;59943733674989942188;system;2017-04-07 08:21:28;2017-04-07 08:21:28;system;2017-04-07 08:21:28
5045;genuser46;$2a$10$60uJRAJlDIFbY3rRT0Xsu.8KKevk9MfaQZSvhRrjfl9V4dN/klsmW;Nathaniel;Jordan;zahipwuh@dop.bm;1;fr;59943733674989942188;59943733674989942188;system;2017-04-07 08:21:28;2017-04-07 08:21:28;system;2017-04-07 08:21:28
5046;genuser47;$2a$10$60uJRAJlDIFbY3rRT0Xsu.8KKevk9MfaQZSvhRrjfl9V4dN/klsmW;Clayton;Schwartz;kipupuh@coev.io;1;en;59943733674989942188;59943733674989942188;system;2017-04-07 08:21:28;2017-04-07 08:21:28;system;2017-04-07 08:21:28
5047;genuser48;$2a$10$60uJRAJlDIFbY3rRT0Xsu.8KKevk9MfaQZSvhRrjfl9V4dN/klsmW;Bessie;Medina;remur@cu.tr;0;fr;59943733674989942188;59943733674989942188;system;2017-04-07 08:21:28;2017-04-07 08:21:28;system;2017-04-07 08:21:28
5048;genuser49;$2a$10$60uJRAJlDIFbY3rRT0Xsu.8KKevk9MfaQZSvhRrjfl9V4dN/klsmW;Bettie;Norman;urce@hekirwa.dz;1;en;59943733674989942188;59943733674989942188;system;2017-04-07 08:21:28;2017-04-07 08:21:28;system;2017-04-07 08:21:28
5049;genuser50;$2a$10$60uJRAJlDIFbY3rRT0Xsu.8KKevk9MfaQZSvhRrjfl9V4dN/klsmW;Estelle;Frazier;takiza@daanowib.mw;0;en;59943733674989942188;59943733674989942188;system;2017-04-07 08:21:28;2017-04-07 08:21:28;system;2017-04-07 08:21:28
5050;genuser51;$2a$10$60uJRAJlDIFbY3rRT0Xsu.8KKevk9MfaQZSvhRrjfl9V4dN/klsmW;Luella;Jensen;hawe@be.ly;0;fr;59943733674989942188;59943733674989942188;system;2017-04-07 08:21:28;2017-04-07 08:21:28;system;2017-04-07 08:21:28
5051;genuser52;$2a$10$60uJRAJlDIFbY3rRT0Xsu.8KKevk9MfaQZSvhRrjfl9V4dN/klsmW;Madge;Roy;ico@hajzi.bg;1;en;59943733674989942188;59943733674989942188;system;2017-04-07 08:21:28;2017-04-07 08:21:28;system;2017-04-07 08:21:28
5052;genuser53;$2a$10$60uJRAJlDIFbY3rRT0Xsu.8KKevk9MfaQZSvhRrjfl9V4dN/klsmW;Alex;Ramos;muhauwe@podgauz.mt;1;en;59943733674989942188;59943733674989942188;system;2017-04-07 08:21:28;2017-04-07 08:21:28;system;2017-04-07 08:21:28
5053;genuser54;$2a$10$60uJRAJlDIFbY3rRT0Xsu.8KKevk9MfaQZSvhRrjfl9V4dN/klsmW;Jimmy;Perez;nirfehu@todo.su;0;fr;59943733674989942188;59943733674989942188;system;2017-04-07 08:21:28;2017-04-07 08:21:28;system;2017-04-07 08:21:28
5054;genuser55;$2a$10$60uJRAJlDIFbY3rRT0Xsu.8KKevk9MfaQZSvhRrjfl9V4dN/klsmW;Allie;Harris;abi@ipuvup.gq;0;en;59943733674989942188;59943733674989942188;system;2017-04-07 08:21:28;2017-04-07 08:21:28;system;2017-04-07 08:21:28
5055;genuser56;$2a$10$60uJRAJlDIFbY3rRT0Xsu.8KKevk9MfaQZSvhRrjfl9V4dN/klsmW;Logan;Daniels;wibuwek@delupsul.pl;1;fr;59943733674989942188;59943733674989942188;system;2017-04-07 08:21:28;2017-04-07 08:21:28;system;2017-04-07 08:21:28
5056;genuser57;$2a$10$60uJRAJlDIFbY3rRT0Xsu.8KKevk9MfaQZSvhRrjfl9V4dN/klsmW;Charlie;Graham;uvtel@buronrat.cm;1;en;59943733674989942188;59943733674989942188;system;2017-04-07 08:21:28;2017-04-07 08:21:28;system;2017-04-07 08:21:28
5057;genuser58;$2a$10$60uJRAJlDIFbY3rRT0Xsu.8KKevk9MfaQZSvhRrjfl9V4dN/klsmW;Marie;Rowe;ti@hu.fr;0;en;59943733674989942188;59943733674989942188;system;2017-04-07 08:21:28;2017-04-07 08:21:28;system;2017-04-07 08:21:28
5058;genuser59;$2a$10$60uJRAJlDIFbY3rRT0Xsu.8KKevk9MfaQZSvhRrjfl9V4dN/klsmW;Ray;Floyd;go@ugluil.ly;1;fr;59943733674989942188;59943733674989942188;system;2017-04-07 08:21:28;2017-04-07 08:21:28;system;2017-04-07 08:21:28
5059;genuser60;$2a$10$60uJRAJlDIFbY3rRT0Xsu.8KKevk9MfaQZSvhRrjfl9V4dN/klsmW;Irene;Gomez;zi@uvwi.cm;0;fr;59943733674989942188;59943733674989942188;system;2017-04-07 08:21:28;2017-04-07 08:21:28;system;2017-04-07 08:21:28
5060;genuser61;$2a$10$60uJRAJlDIFbY3rRT0Xsu.8KKevk9MfaQZSvhRrjfl9V4dN/klsmW;William;Bass;efecse@ike.ls;0;en;59943733674989942188;59943733674989942188;system;2017-04-07 08:21:28;2017-04-07 08:21:28;system;2017-04-07 08:21:28
5061;genuser62;$2a$10$60uJRAJlDIFbY3rRT0Xsu.8KKevk9MfaQZSvhRrjfl9V4dN/klsmW;Agnes;Waters;ogmaw@uj.eg;0;fr;59943733674989942188;59943733674989942188;system;2017-04-07 08:21:28;2017-04-07 08:21:28;system;2017-04-07 08:21:28
5062;genuser63;$2a$10$60uJRAJlDIFbY3rRT0Xsu.8KKevk9MfaQZSvhRrjfl9V4dN/klsmW;Tillie;Bass;vepkawhag@lejuv.es;1;fr;59943733674989942188;59943733674989942188;system;2017-04-07 08:21:28;2017-04-07 08:21:28;system;2017-04-07 08:21:28
5063;genuser64;$2a$10$60uJRAJlDIFbY3rRT0Xsu.8KKevk9MfaQZSvhRrjfl9V4dN/klsmW;Iva;Gomez;ap@vi.ne;0;fr;59943733674989942188;59943733674989942188;system;2017-04-07 08:21:28;2017-04-07 08:21:28;system;2017-04-07 08:21:28
5064;genuser65;$2a$10$60uJRAJlDIFbY3rRT0Xsu.8KKevk9MfaQZSvhRrjfl9V4dN/klsmW;Clayton;Jennings;uru@eta.aq;1;en;59943733674989942188;59943733674989942188;system;2017-04-07 08:21:28;2017-04-07 08:21:28;system;2017-04-07 08:21:28
5065;genuser66;$2a$10$60uJRAJlDIFbY3rRT0Xsu.8KKevk9MfaQZSvhRrjfl9V4dN/klsmW;Jeff;Richardson;elepinico@roz.az;1;en;59943733674989942188;59943733674989942188;system;2017-04-07 08:21:28;2017-04-07 08:21:28;system;2017-04-07 08:21:28
5066;genuser67;$2a$10$60uJRAJlDIFbY3rRT0Xsu.8KKevk9MfaQZSvhRrjfl9V4dN/klsmW;Ronald;Reynolds;ovsi@guhviz.au;0;fr;59943733674989942188;59943733674989942188;system;2017-04-07 08:21:28;2017-04-07 08:21:28;system;2017-04-07 08:21:28
5067;genuser68;$2a$10$60uJRAJlDIFbY3rRT0Xsu.8KKevk9MfaQZSvhRrjfl9V4dN/klsmW;Sallie;Abbott;sinogi@sedna.se;0;fr;59943733674989942188;59943733674989942188;system;2017-04-07 08:21:28;2017-04-07 08:21:28;system;2017-04-07 08:21:28
5068;genuser69;$2a$10$60uJRAJlDIFbY3rRT0Xsu.8KKevk9MfaQZSvhRrjfl9V4dN/klsmW;Nelle;Hawkins;wuwfacjeg@win.gb;1;fr;59943733674989942188;59943733674989942188;system;2017-04-07 08:21:28;2017-04-07 08:21:28;system;2017-04-07 08:21:28
5069;genuser70;$2a$10$60uJRAJlDIFbY3rRT0Xsu.8KKevk9MfaQZSvhRrjfl9V4dN/klsmW;Celia;Snyder;eno@pasim.si;1;en;59943733674989942188;59943733674989942188;system;2017-04-07 08:21:28;2017-04-07 08:21:28;system;2017-04-07 08:21:28
5070;genuser71;$2a$10$60uJRAJlDIFbY3rRT0Xsu.8KKevk9MfaQZSvhRrjfl9V4dN/klsmW;Ada;Tran;gut@umnip.ws;1;en;59943733674989942188;59943733674989942188;system;2017-04-07 08:21:28;2017-04-07 08:21:28;system;2017-04-07 08:21:28
5071;genuser72;$2a$10$60uJRAJlDIFbY3rRT0Xsu.8KKevk9MfaQZSvhRrjfl9V4dN/klsmW;Mable;Briggs;hibhinha@wifsaino.ga;0;fr;59943733674989942188;59943733674989942188;system;2017-04-07 08:21:28;2017-04-07 08:21:28;system;2017-04-07 08:21:28
5072;genuser73;$2a$10$60uJRAJlDIFbY3rRT0Xsu.8KKevk9MfaQZSvhRrjfl9V4dN/klsmW;Ola;Parsons;zepteh@da.se;1;en;59943733674989942188;59943733674989942188;system;2017-04-07 08:21:28;2017-04-07 08:21:28;system;2017-04-07 08:21:28
5073;genuser74;$2a$10$60uJRAJlDIFbY3rRT0Xsu.8KKevk9MfaQZSvhRrjfl9V4dN/klsmW;Jerry;Robbins;anu@buh.sv;1;fr;59943733674989942188;59943733674989942188;system;2017-04-07 08:21:28;2017-04-07 08:21:28;system;2017-04-07 08:21:28
5074;genuser75;$2a$10$60uJRAJlDIFbY3rRT0Xsu.8KKevk9MfaQZSvhRrjfl9V4dN/klsmW;Cole;Lamb;pilnavap@fileog.an;0;fr;59943733674989942188;59943733674989942188;system;2017-04-07 08:21:28;2017-04-07 08:21:28;system;2017-04-07 08:21:28
5075;genuser76;$2a$10$60uJRAJlDIFbY3rRT0Xsu.8KKevk9MfaQZSvhRrjfl9V4dN/klsmW;Max;Farmer;emusukoz@uwu.ec;1;fr;59943733674989942188;59943733674989942188;system;2017-04-07 08:21:28;2017-04-07 08:21:28;system;2017-04-07 08:21:28
5076;genuser77;$2a$10$60uJRAJlDIFbY3rRT0Xsu.8KKevk9MfaQZSvhRrjfl9V4dN/klsmW;Theodore;Ferguson;vi@ileved.qa;0;en;59943733674989942188;59943733674989942188;system;2017-04-07 08:21:28;2017-04-07 08:21:28;system;2017-04-07 08:21:28
5077;genuser78;$2a$10$60uJRAJlDIFbY3rRT0Xsu.8KKevk9MfaQZSvhRrjfl9V4dN/klsmW;Adeline;Warren;kor@tesik.to;1;fr;59943733674989942188;59943733674989942188;system;2017-04-07 08:21:28;2017-04-07 08:21:28;system;2017-04-07 08:21:28
5078;genuser79;$2a$10$60uJRAJlDIFbY3rRT0Xsu.8KKevk9MfaQZSvhRrjfl9V4dN/klsmW;Adelaide;Delgado;ficvitif@to.fo;1;en;59943733674989942188;59943733674989942188;system;2017-04-07 08:21:28;2017-04-07 08:21:28;system;2017-04-07 08:21:28
5079;genuser80;$2a$10$60uJRAJlDIFbY3rRT0Xsu.8KKevk9MfaQZSvhRrjfl9V4dN/klsmW;Trevor;Sutton;semzo@vosfujtoh.la;1;en;59943733674989942188;59943733674989942188;system;2017-04-07 08:21:28;2017-04-07 08:21:28;system;2017-04-07 08:21:28
5080;genuser81;$2a$10$60uJRAJlDIFbY3rRT0Xsu.8KKevk9MfaQZSvhRrjfl9V4dN/klsmW;Katharine;Norris;rubavves@pecludegi.ad;1;fr;59943733674989942188;59943733674989942188;system;2017-04-07 08:21:28;2017-04-07 08:21:28;system;2017-04-07 08:21:28
5081;genuser82;$2a$10$60uJRAJlDIFbY3rRT0Xsu.8KKevk9MfaQZSvhRrjfl9V4dN/klsmW;Shane;Graves;ve@de.au;1;fr;59943733674989942188;59943733674989942188;system;2017-04-07 08:21:28;2017-04-07 08:21:28;system;2017-04-07 08:21:28
5082;genuser83;$2a$10$60uJRAJlDIFbY3rRT0Xsu.8KKevk9MfaQZSvhRrjfl9V4dN/klsmW;Leah;Greer;ibkeni@lijadaca.ch;1;fr;59943733674989942188;59943733674989942188;system;2017-04-07 08:21:28;2017-04-07 08:21:28;system;2017-04-07 08:21:28
5083;genuser84;$2a$10$60uJRAJlDIFbY3rRT0Xsu.8KKevk9MfaQZSvhRrjfl9V4dN/klsmW;Shane;Lindsey;latakne@ma.mv;0;en;59943733674989942188;59943733674989942188;system;2017-04-07 08:21:28;2017-04-07 08:21:28;system;2017-04-07 08:21:28
5084;genuser85;$2a$10$60uJRAJlDIFbY3rRT0Xsu.8KKevk9MfaQZSvhRrjfl9V4dN/klsmW;Edwin;Sanders;jevoguc@ima.md;0;fr;59943733674989942188;59943733674989942188;system;2017-04-07 08:21:28;2017-04-07 08:21:28;system;2017-04-07 08:21:28
5085;genuser86;$2a$10$60uJRAJlDIFbY3rRT0Xsu.8KKevk9MfaQZSvhRrjfl9V4dN/klsmW;Cynthia;Mendoza;bucozti@keol.wf;1;en;59943733674989942188;59943733674989942188;system;2017-04-07 08:21:28;2017-04-07 08:21:28;system;2017-04-07 08:21:28
5086;genuser87;$2a$10$60uJRAJlDIFbY3rRT0Xsu.8KKevk9MfaQZSvhRrjfl9V4dN/klsmW;Keith;Hughes;hevi@udon.mt;0;en;59943733674989942188;59943733674989942188;system;2017-04-07 08:21:28;2017-04-07 08:21:28;system;2017-04-07 08:21:28
5087;genuser88;$2a$10$60uJRAJlDIFbY3rRT0Xsu.8KKevk9MfaQZSvhRrjfl9V4dN/klsmW;Calvin;Lamb;pak@gofgo.it;0;en;59943733674989942188;59943733674989942188;system;2017-04-07 08:21:28;2017-04-07 08:21:28;system;2017-04-07 08:21:28
5088;genuser89;$2a$10$60uJRAJlDIFbY3rRT0Xsu.8KKevk9MfaQZSvhRrjfl9V4dN/klsmW;Helen;Alexander;rih@haowger.sh;0;en;59943733674989942188;59943733674989942188;system;2017-04-07 08:21:28;2017-04-07 08:21:28;system;2017-04-07 08:21:28
5089;genuser90;$2a$10$60uJRAJlDIFbY3rRT0Xsu.8KKevk9MfaQZSvhRrjfl9V4dN/klsmW;Cory;Glover;waw@arum.ac;1;fr;59943733674989942188;59943733674989942188;system;2017-04-07 08:21:28;2017-04-07 08:21:28;system;2017-04-07 08:21:28
5090;genuser91;$2a$10$60uJRAJlDIFbY3rRT0Xsu.8KKevk9MfaQZSvhRrjfl9V4dN/klsmW;Ola;Daniels;viwuvken@miwcefib.bh;0;fr;59943733674989942188;59943733674989942188;system;2017-04-07 08:21:28;2017-04-07 08:21:28;system;2017-04-07 08:21:28
5091;genuser92;$2a$10$60uJRAJlDIFbY3rRT0Xsu.8KKevk9MfaQZSvhRrjfl9V4dN/klsmW;Mitchell;Klein;ef@bo.nl;1;en;59943733674989942188;59943733674989942188;system;2017-04-07 08:21:28;2017-04-07 08:21:28;system;2017-04-07 08:21:28
5092;genuser93;$2a$10$60uJRAJlDIFbY3rRT0Xsu.8KKevk9MfaQZSvhRrjfl9V4dN/klsmW;Jared;Rios;pifemva@abuduko.az;0;fr;59943733674989942188;59943733674989942188;system;2017-04-07 08:21:28;2017-04-07 08:21:28;system;2017-04-07 08:21:28
5093;genuser94;$2a$10$60uJRAJlDIFbY3rRT0Xsu.8KKevk9MfaQZSvhRrjfl9V4dN/klsmW;Ada;Hale;pubowru@da.pe;1;en;59943733674989942188;59943733674989942188;system;2017-04-07 08:21:28;2017-04-07 08:21:28;system;2017-04-07 08:21:28
5094;genuser95;$2a$10$60uJRAJlDIFbY3rRT0Xsu.8KKevk9MfaQZSvhRrjfl9V4dN/klsmW;Lottie;Santos;dadzu@moh.pl;0;fr;59943733674989942188;59943733674989942188;system;2017-04-07 08:21:28;2017-04-07 08:21:28;system;2017-04-07 08:21:28
5095;genuser96;$2a$10$60uJRAJlDIFbY3rRT0Xsu.8KKevk9MfaQZSvhRrjfl9V4dN/klsmW;Lulu;Chandler;ubi@nazji.kn;1;fr;59943733674989942188;59943733674989942188;system;2017-04-07 08:21:28;2017-04-07 08:21:28;system;2017-04-07 08:21:28
5096;genuser97;$2a$10$60uJRAJlDIFbY3rRT0Xsu.8KKevk9MfaQZSvhRrjfl9V4dN/klsmW;Caleb;Burns;la@naito.cc;0;fr;59943733674989942188;59943733674989942188;system;2017-04-07 08:21:28;2017-04-07 08:21:28;system;2017-04-07 08:21:28
5097;genuser98;$2a$10$60uJRAJlDIFbY3rRT0Xsu.8KKevk9MfaQZSvhRrjfl9V4dN/klsmW;Lena;Parsons;pasovu@da.hm;0;fr;59943733674989942188;59943733674989942188;system;2017-04-07 08:21:28;2017-04-07 08:21:28;system;2017-04-07 08:21:28
5098;genuser99;$2a$10$60uJRAJlDIFbY3rRT0Xsu.8KKevk9MfaQZSvhRrjfl9V4dN/klsmW;Matthew;Bell;piw@rovziv.ax;0;en;59943733674989942188;59943733674989942188;system;2017-04-07 08:21:28;2017-04-07 08:21:28;system;2017-04-07 08:21:28
5099;genuser100;$2a$10$60uJRAJlDIFbY3rRT0Xsu.8KKevk9MfaQZSvhRrjfl9V4dN/klsmW;Lloyd;Goodwin;reweva@joza.gn;1;en;59943733674989942188;59943733674989942188;system;2017-04-07 08:21:28;2017-04-07 08:21:28;system;2017-04-07 08:21:28